CampaignID,CampaignName,StartDate,EndDate,Channel,Spend,LeadsGenerated,Conversions,RevenueGenerated,Clicks,Impressions
CMP016,VIP Early Access Email,2025-08-01,2025-09-04,Email,10772.28,1625,239,197481.98,8135.0,225830.0
CMP012,YouTube Get-Ready-With-Me,2025-08-03,2025-08-17,Influencer,146888.33,2032,268,395938.81,16177.0,1023299.0
CMP010,Micro-Influencer Skincare Tour,2025-08-08,2025-08-20,Influencer,126919.31,1232,275,451286.19,6434.0,201058.0
CMP021,Pop-Up Skincare Bar - Mumbai,2025-08-09,2025-08-24,Event,157413.79,413,53,72003.4,,
CMP003,Insta Glow Challenge,2025-08-12,2025-09-12,Social Media,15317.98,250,42,42624.32,4735.0,240538.0
CMP018,Monthly Newsletter Push,2025-08-20,2025-09-10,Email,6021.39,456,65,52028.55,,64591.0
CMP099,Campus Freshers Drive,2025-09-01,2025-09-15,Event,120000.0,850,34,40800.0,,
CMP025,Beauty Expo Booth - Bengaluru,2025-09-01,2025-09-26,Event,195158.71,667,81,159642.9,,
CMP019,Birthday Glow Offer,2025-09-05,2025-09-15,Email,10612.22,543,97,88800.33,2204.0,58336.0
CMP004,GlowUp TikTok Takeover,2025-10-12,2025-11-13,Social Media,59245.39,444,102,124028.35,5764.0,706444.0
CMP097,Mega Reach Giveaway,2025-11-05,2025-11-25,Social Media,55000.0,3200,48,43200.0,21000.0,2100000.0
CMP002,Radiant Skin Reels,2025-11-08,2025-12-11,Social Media,44289.98,408,117,132584.31,,409514.0
CMP017,Abandoned Cart Glow Reminder,2025-12-01,2025-12-29,Email,6232.95,710,91,66807.24,2875.0,89522.0
CMP007,Glow Squad Giveaway,2026-01-18,2026-02-08,Social Media,57277.45,255,72,76229.28,4610.0,445333.0
CMP098,Free Sample Blitz,2026-02-10,2026-03-02,Influencer,95000.0,2100,63,66150.0,15400.0,980000.0
CMP020,Re-engagement Drip Campaign,2026-02-11,2026-03-16,Email,5851.65,233,51,42528.47,910.0,25226.0
CMP014,Skinfluencer Duo Campaign,2026-02-13,2026-03-09,Influencer,123110.63,2595,373,358670.81,22347.0,665209.0
CMP023,College Fest Sampling Drive,2026-02-18,2026-03-07,Event,79252.93,138,39,43868.01,,
CMP001,Glow Summer Splash,2026-02-20,2026-03-16,Social Media,47939.73,647,74,58727.23,12097.0,657656.0
CMP006,Story Swipe-Up Series,2026-03-15,2026-03-27,Social Media,55919.42,787,117,128409.06,9692.0,665635.0
CMP015,Welcome Series Revamp,2026-04-06,2026-04-27,Email,5238.84,155,40,36786.84,539.0,18246.0
CMP008,Skincare Selfie Contest,2026-04-08,2026-05-08,Social Media,32490.48,423,67,80215.25,6327.0,435973.0
CMP005,Facebook Flash Sale,2026-04-14,2026-05-11,Social Media,32343.74,677,90,75468.27,7440.0,485641.0
CMP009,Beauty Blogger Collab,2026-04-15,2026-05-07,Influencer,48200.57,655,81,122941.46,6514.0,208054.0
CMP022,GlowUp Mall Activation - Delhi,2026-05-03,2026-05-31,Event,108813.24,412,69,140385.72,,
CMP024,Salon Partner Roadshow,2026-05-03,2026-05-19,Event,152397.77,270,53,85368.21,,
CMP013,Influencer Unboxing Wave,2026-05-10,2026-06-01,Influencer,62189.11,539,110,140832.58,3179.0,178730.0
CMP011,Celebrity Dermat Partnership,2026-07-02,2026-07-12,Influencer,46991.42,545,131,151979.21,3328.0,101636.0
