CustomerID,Age,SubscriptionType,EngagementScore,ChurnRiskScore
BX00004,23,Monthly,37,61.0
BX00009,27,Monthly,79,63.2
BX00018,46,Quarterly,39,79.3
BX00019,34,Quarterly,29,85.7
BX00043,34,Monthly,78,60.0
BX00125,34,Quarterly,56,66.8
BX00136,35,Monthly,83,60.8
BX00141,25,Monthly,59,70.9
BX00146,24,Monthly,54,83.6
BX00155,27,Quarterly,41,81.2
BX00156,47,Monthly,69,72.8
BX00159,19,Monthly,53,72.7
BX00195,38,Monthly,38,66.6
BX00210,18,Monthly,72,82.6
BX00211,29,Monthly,48,88.3
BX00218,40,Quarterly,28,61.2
BX00219,44,Quarterly,67,62.4
BX00229,27,Monthly,76,71.7
BX00272,20,Monthly,69,70.0
BX00280,25,Monthly,65,80.3
BX00283,40,Monthly,57,75.7
BX00298,25,Annual,50,64.1
BX00364,36,Monthly,47,86.9
BX00369,31,Quarterly,44,77.5
BX00379,19,Monthly,47,67.3
BX00401,38,Monthly,82,71.9
BX00430,45,Monthly,83,61.7
BX00432,26,Monthly,67,82.7
BX00436,20,Monthly,45,74.7
BX00491,26,Quarterly,53,67.4
BX00501,32,Monthly,57,69.2
BX00512,21,Monthly,77,73.8
BX00516,37,Monthly,54,74.7
BX00536,40,Annual,23,64.3
BX00543,32,Quarterly,29,75.3
BX00551,21,Monthly,34,80.5
BX00573,28,Monthly,73,73.4
BX00588,39,Quarterly,44,78.8
BX00591,22,Monthly,56,86.4
BX00603,21,Monthly,56,86.6
BX00612,39,Monthly,49,84.8
BX00616,31,Monthly,55,76.6
BX00651,18,Quarterly,74,64.2
BX00676,21,Monthly,69,64.4
BX00781,31,Quarterly,47,64.9
BX00788,18,Monthly,66,85.8
BX00800,28,Monthly,68,85.1
BX00821,20,Monthly,62,87.2
BX00824,24,Monthly,57,72.5
BX00847,25,Monthly,45,90.1
BX00862,35,Monthly,75,68.1
BX00871,43,Monthly,30,91.7
BX00921,36,Quarterly,35,81.6
BX00924,26,Monthly,52,69.8
BX00933,33,Monthly,45,68.5
BX00940,18,Monthly,72,61.5
BX01000,42,Monthly,67,81.0
BX01005,25,Monthly,77,71.2
BX01007,36,Monthly,53,79.8
BX01011,22,Monthly,39,81.2
BX01018,21,Monthly,50,93.3
BX01024,28,Monthly,52,62.8
BX01063,39,Monthly,41,88.5
BX01072,29,Monthly,28,92.8
BX01094,18,Quarterly,21,81.1
BX01114,41,Monthly,54,67.0
BX01124,32,Monthly,52,67.0
BX01129,18,Monthly,62,81.1
BX01176,38,Monthly,67,68.4
BX01193,19,Quarterly,22,89.7
BX01241,29,Monthly,30,84.8
BX01338,27,Monthly,58,63.9
BX01366,20,Monthly,56,80.2
BX01399,25,Annual,42,60.2
BX01400,37,Monthly,88,67.2
BX01432,23,Monthly,50,91.1
BX01444,33,Monthly,62,79.1
BX01456,34,Quarterly,31,65.8
BX01468,34,Monthly,63,68.5
BX01470,49,Monthly,74,67.7
BX01486,35,Monthly,79,70.3
BX01511,31,Monthly,53,77.6
BX01514,18,Quarterly,72,65.9
BX01582,30,Monthly,75,71.2
BX01627,22,Monthly,81,75.0
BX01643,31,Monthly,33,66.8
BX01654,32,Monthly,92,66.2
BX01670,35,Monthly,45,61.0
BX01716,29,Quarterly,54,65.2
BX01718,35,Monthly,55,69.4
BX01733,40,Quarterly,41,76.2
BX01739,28,Monthly,64,83.8
BX01795,37,Monthly,70,71.8
BX01814,35,Monthly,50,62.2
BX01823,22,Monthly,53,90.3
BX01827,43,Monthly,48,70.3
BX01828,18,Quarterly,45,85.4
BX01830,25,Quarterly,67,61.0
BX01835,22,Quarterly,45,87.2
BX01840,21,Monthly,64,82.4
BX01848,35,Quarterly,49,76.7
BX01888,23,Monthly,32,96.5
BX01892,35,Monthly,55,86.3
BX01914,19,Monthly,30,80.9
BX01918,28,Monthly,84,64.0
BX01929,20,Quarterly,63,61.9
BX01933,25,Monthly,45,90.1
BX01941,28,Monthly,67,61.5
BX01946,26,Monthly,54,91.3
BX01971,27,Monthly,79,68.9
BX01981,35,Monthly,62,61.6
BX02030,18,Monthly,68,65.7
BX02031,39,Monthly,36,90.6
BX02032,33,Quarterly,46,75.0
BX02039,18,Monthly,48,85.0
BX02042,34,Monthly,23,96.0
BX02044,31,Monthly,53,60.1
BX02070,28,Monthly,79,68.8
BX02073,42,Monthly,64,78.9
BX02093,45,Quarterly,45,70.3
BX02095,18,Quarterly,35,71.6
BX02097,41,Monthly,62,84.3
BX02117,28,Monthly,51,87.3
BX02132,30,Monthly,59,61.2
BX02158,33,Quarterly,56,72.4
BX02163,20,Monthly,53,81.2
BX02187,28,Monthly,54,62.8
BX02293,35,Monthly,56,62.7
BX02295,20,Monthly,62,65.8
BX02318,33,Quarterly,56,61.3
BX02320,28,Monthly,66,62.5
BX02321,36,Monthly,35,83.4
BX02324,28,Quarterly,47,67.2
BX02325,20,Monthly,63,74.2
BX02339,50,Monthly,57,70.7
